Ref,Val,Package,PosX,PosY,Rot,Side
"C101","22u / 100V","Panasonic_FK_F_8x10.2",6.905000,43.635000,180.000000,top
"C102","4u7 / 100V","C_1206_3216Metric",17.365000,40.935000,0.000000,top
"C103","4u7 / 100V","C_1206_3216Metric",17.455000,38.445000,0.000000,top
"C104","4u7 / 100V","C_1206_3216Metric",17.615000,36.065000,0.000000,top
"C105","4u7 / 100V","C_1206_3216Metric",16.345000,32.485000,-90.000000,top
"C106","100n / 100V","C_0805_2012Metric",13.945000,34.235000,-90.000000,top
"C107","100n / 50V","C_0603_1608Metric",4.345000,33.000000,-90.000000,top
"C108","22u / 25V","C_1210_3225Metric",12.275000,25.325000,90.000000,top
"C109","22u / 25V","C_1210_3225Metric",15.675000,25.385000,90.000000,top
"C110","22u / 25V","C_1210_3225Metric",5.085000,21.205000,-90.000000,top
"C111","22u / 25V","C_1210_3225Metric",8.785000,21.275000,-90.000000,top
"C112","22u / 25V","C_1210_3225Metric",13.115000,14.675000,180.000000,top
"C201","100n","C_0402_1005Metric",26.155000,21.585000,180.000000,top
"C202","100n","C_0402_1005Metric",24.505000,16.995000,-90.000000,top
"C203","100n","C_0402_1005Metric",31.935000,15.535000,0.000000,top
"C204","100n","C_0402_1005Metric",33.445000,18.835000,0.000000,top
"C205","10u","C_0805_2012Metric",22.255000,17.495000,180.000000,top
"C206","100n","C_0402_1005Metric",31.495000,20.765000,-90.000000,top
"C207","100n","C_0402_1005Metric",31.925000,16.495000,0.000000,top
"C208","10u","C_0805_2012Metric",32.235000,10.975000,0.000000,top
"C209","1u / 10V","C_0603_1608Metric",29.735000,13.095000,-90.000000,top
"C210","DNP","C_0402_1005Metric",40.175000,16.735000,90.000000,top
"C211","DNP","C_0402_1005Metric",36.515000,17.275000,-90.000000,top
"C212","15p","C_0402_1005Metric",28.045000,13.905000,180.000000,top
"C213","15p","C_0402_1005Metric",25.845000,13.935000,180.000000,top
"C214","1.5pF","C_0402_1005Metric",36.717500,19.975000,90.000000,top
"C215","100n","C_0402_1005Metric",24.415000,13.365000,-90.000000,top
"C216","1.5pF","C_0402_1005Metric",39.717500,20.015000,90.000000,top
"C301","22u / 25V","C_1210_3225Metric",33.500000,34.725000,0.000000,top
"C302","100n / 50V","C_0603_1608Metric",31.335000,32.265000,0.000000,top
"C303","10p / 50V C0G","C_0603_1608Metric",23.885000,27.645000,90.000000,top
"C304","10p / 50V C0G","C_0603_1608Metric",19.495000,27.665000,-90.000000,top
"C305","22u / 25V","C_1210_3225Metric",28.905000,37.855000,90.000000,top
"C306","470n / 16V","C_0603_1608Metric",23.710000,33.315000,180.000000,top
"C307","100n / 50V","C_0603_1608Metric",29.485000,34.605000,0.000000,top
"C308","100n / 50V","C_0603_1608Metric",27.025000,33.285000,90.000000,top
"C309","4n7 / 50V DNP","C_0603_1608Metric",38.825000,22.555000,0.000000,top
"C310","22u / 25V","C_1210_3225Metric",25.005000,36.535000,180.000000,top
"C401","1u / 16V","C_0603_1608Metric",10.340000,4.155000,-90.000000,top
"C402","1u / 16V","C_0603_1608Metric",14.940000,4.240000,-90.000000,top
"C403","4u7 / 25V","C_0805_2012Metric",21.170000,4.205000,-90.000000,top
"C404","100n / 50V","C_0603_1608Metric",19.330000,9.945000,180.000000,top
"C405","4u7 / 25V","C_0805_2012Metric",27.500000,4.075000,-90.000000,top
"C406","1u / 16V","C_0603_1608Metric",21.725000,7.815000,-90.000000,top
"C407","22u / 25V","C_1210_3225Metric",31.470000,7.465000,180.000000,top
"C408","100n / 50V","C_0603_1608Metric",33.020000,4.225000,-90.000000,top
"D101","SM8S40CA","Vishay_DO-218AC_SM8S",31.395000,48.345000,0.000000,top
"D102","PNE20010ER-Q","Nexperia_CFP3_SOD-123W",21.035000,48.535000,0.000000,top
"D103","PMEG10010ELR-Q","Nexperia_CFP3_SOD-123W",18.655000,32.475000,-90.000000,top
"D301","PESD2CANFD27V","SOT-23",39.475000,29.195000,0.000000,top
"F101","T1A / 125VDC","Fuse_Schurter_UMT250",19.535000,52.435000,0.000000,top
"F401","1A FF / 32V","Fuse_0603_1608Metric",8.020000,4.935000,0.000000,top
"FLT201","DLF162500LT-5028A1","DLF162500LT-5028A1",41.842500,19.537500,0.000000,top
"FM1","Fiducial","Fiducial_1mm_Mask2mm",3.425000,49.545000,0.000000,top
"FM2","Fiducial","Fiducial_1mm_Mask2mm",45.905000,48.865000,0.000000,top
"FM3","Fiducial","Fiducial_1mm_Mask2mm",46.375000,7.775000,0.000000,top
"H1","MountingHole_Pad","MountingHole_2.2mm_M2_Pad_Via",3.235000,53.515000,0.000000,top
"H2","MountingHole_Pad","MountingHole_2.2mm_M2_Pad_Via",45.965000,52.945000,0.000000,top
"H3","MountingHole_Pad","MountingHole_2.2mm_M2_Pad_Via",45.965000,3.775000,0.000000,top
"H4","MountingHole_Pad","MountingHole_2.2mm_M2_Pad_Via",3.365000,3.805000,0.000000,top
"J101","9-36 V INPUT","TerminalBlock_Phoenix_MPT-0,5-2-2.54_1x02_P2.54mm_Horizontal",9.775000,53.065000,-90.000000,top
"J201","U.FL-R-SMT-1","U.FL_Hirose_U.FL-R-SMT-1_Vertical",45.365000,19.565000,0.000000,top
"J202","Conn_ARM_SWD_TagConnect_TC2030","Tag-Connect_TC2030-IDC-FP_2x03_P1.27mm_Vertical",40.090000,10.975000,0.000000,top
"J301","CAN BUS","TerminalBlock_Phoenix_MPT-0,5-3-2.54_1x03_P2.54mm_Horizontal",45.215000,27.825000,90.000000,top
"J401","1S PACK 3.0-4.2V","JST_PH_S2B-PH-K_1x02_P2.00mm_Horizontal",7.330000,8.245000,90.000000,top
"L101","47uH / XGL6060","Coilcraft_XGL6060",6.507500,27.395000,-90.000000,top
"L201","10u","L_0603_1608Metric",31.305000,13.565000,90.000000,top
"L202","2.8nH","L_0402_1005Metric",38.217500,19.535000,0.000000,top
"L301","ACT45B-101-2P","L_CommonModeChoke_Coilank_ACM4532",34.625000,29.175000,0.000000,top
"R101","1R 5% / 1W IF","R_2512_6332Metric",16.525000,46.075000,-90.000000,top
"R102","383k 1%","R_0603_1608Metric",16.545000,28.590000,180.000000,top
"R103","100k 1%","R_0603_1608Metric",13.250000,30.265000,180.000000,top
"R104","64k9 1%","R_0603_1608Metric",11.185000,37.815000,180.000000,top
"R105","54k9 1%","R_0603_1608Metric",3.635000,37.815000,0.000000,top
"R106","10k0 1%","R_0603_1608Metric",7.135000,37.815000,0.000000,top
"R107","100k 1%","R_0603_1608Metric",3.595000,35.345000,0.000000,top
"R201","100K","R_0402_1005Metric",23.695000,14.965000,0.000000,top
"R301","10k","R_0603_1608Metric",33.345000,24.185000,180.000000,top
"R302","60R4 1% DNP","R_0805_2012Metric",40.125000,25.155000,-90.000000,top
"R303","60R4 1% DNP","R_0805_2012Metric",37.525000,25.155000,-90.000000,top
"R304","10k","R_0603_1608Metric",35.155000,32.145000,0.000000,top
"R305","10k","R_0603_1608Metric",24.240000,31.595000,180.000000,top
"R306","10k","R_0603_1608Metric",33.595000,25.955000,180.000000,top
"R307","100k","R_0603_1608Metric",30.105000,22.935000,180.000000,top
"R308","100k","R_0603_1608Metric",22.325000,23.635000,180.000000,top
"R309","100k","R_0603_1608Metric",25.735000,25.165000,180.000000,top
"R310","100k","R_0603_1608Metric",29.915000,25.265000,0.000000,top
"R311","0R (tune)","R_0603_1608Metric",25.375000,27.665000,-90.000000,top
"R401","10k 1%","R_0603_1608Metric",17.725000,2.485000,180.000000,top
"R402","2R0 1%","R_0603_1608Metric",12.630000,4.865000,0.000000,top
"R403","1M0 1%","R_0603_1608Metric",19.425000,6.805000,0.000000,top
"R404","1M0 1%","R_0603_1608Metric",19.330000,8.415000,180.000000,top
"R405","100k 1%","R_0603_1608Metric",27.600000,7.985000,-90.000000,top
"TP101","6V5_CAN","TestPoint_Pad_D2.0mm",18.845000,23.895000,0.000000,top
"TP102","3V3_VEH","TestPoint_Pad_D2.0mm",16.855000,19.165000,0.000000,top
"TP103","GND","TestPoint_Pad_D2.0mm",8.295000,16.825000,0.000000,top
"TP401","VBAT_PROT","TestPoint_Pad_D2.0mm",15.755000,8.565000,0.000000,top
"TP402","3V3_SYS","TestPoint_Pad_D2.0mm",22.025000,11.935000,0.000000,top
"TP403","GND","TestPoint_Pad_D2.0mm",17.845000,12.695000,0.000000,top
"U101","LMR38010SQDDARQ1","TI_DDA0008B_PowerPAD",8.955000,34.190000,180.000000,top
"U102","TPS7B8133QDGNRQ1","TI_DGN0008G_PowerPAD",13.327500,19.655000,-90.000000,top
"U201","CC2340R53E0RKPR","RKP0040B-MFG",28.015001,18.085000,-90.000000,top
"U301","TCAN4550RGYRQ1","TI_RGY0020A_VQFN20",29.050000,29.175000,90.000000,top
"U401","LM66100QDCKRQ1","SOT-363_SC-70-6",17.512500,4.665000,0.000000,top
"U402","TPS7E8130QDBVRQ1","SOT-23-5",24.320000,4.077500,0.000000,top
"U403","LM66100QDCKRQ1","SOT-363_SC-70-6",30.390000,4.545000,0.000000,top
"U404","LM66100QDCKRQ1","SOT-363_SC-70-6",24.657500,8.175000,0.000000,top
"X201","32kHz768","Crystal_SMD_2012-2Pin_2.0x1.2mm",27.095000,12.195000,180.000000,top
"X202","48MHz","Crystal_SMD_2016-4Pin_2.0x1.6mm",38.355000,16.995000,-90.000000,top
"X301","40MHz CL8","Crystal_SMD_2016-4Pin_2.0x1.6mm",21.645000,27.665000,90.000000,top
