ID,Design function,Potential failure mode,Potential effect,Cause or mechanism,Current controls,Initial S,Initial O,Initial D,Initial RPN,Recommended action,Closure evidence,Target S,Target O,Target D,Target RPN,Owner,Status
CAN-003,Manufacturable TCAN4550 RGY0020A land pattern,Incorrect perimeter-pad centers cause solder bridging or opens,Low yield or nonfunctional CAN controller,Prior custom footprint interpreted pad-center dimensions incorrectly,Corrected pad and stencil centers against TI 4225320/A; copies hash-match,8,7,6,336,Independent overlay review; PCB DRC; first-article AOI/X-ray inspection,Accepted footprint overlay; clean DRC; accepted first-article solder inspection,8,1,2,16,Hardware and Manufacturing,DESIGN ACTION COMPLETE - verification open
CAN-001,Safe MCU wake across CAN and MCU power domains,nWKRQ default 3.6 V reaches MCU while MCU VDDS is low or absent,Absolute-maximum violation; back-powering; excess sleep current; latch-up or damage; false or missed wake,Mixed power domains; default internal 3.6 V output exists before SPI configuration; direct connection and R307 100k pull-up lack power-off isolation,Schematic warning; firmware bit 19 requirement; datasheet review,8,4,7,224,Add automotive over-voltage-tolerant buffer with Ioff/partial-power-down protection (for example SN74LVC1G17-Q1); define TCAN-off state; remove or reassign raw pull-up; configure and read back bits 19 and 8,Approved schematic and ERC; all VSUP/VIO/reset/sleep sequences tested; MCU pin within limits; no back-power current,8,1,2,16,Hardware and Firmware,OPEN - blocks production schematic release
PWR-004,Maintain input filter damping across service life,C101 ESR rise and capacitance loss; eventual open circuit,Under-damped input filter; buck instability; raised conducted emissions; loss of hot-plug surge absorption,Panasonic EEEFK2A220P is an FK-series 105 degC / 2000 h wet electrolytic on an always-on rail - roughly one year continuous at high ambient. It is the only wet electrolytic on the board and its AEC-Q200 status is claimed in the schematic note but NOT confirmed against the datasheet,R101 1 ohm series damping partner; 100 V part on a 36 V maximum rail gives large voltage derating,6,5,7,210,Confirm AEC-Q200 status from the Panasonic datasheet; compute required life at the target ambient; if 2000 h is insufficient move to an automotive hybrid-polymer part or an all-ceramic bank - and re-check input filter damping if the electrolytic is removed,Life calculation at target ambient plus the selected part datasheet and a damping re-check,6,2,3,36,Hardware,OPEN - stated assumption
CAN-002,Stable 40 MHz reference clock,Crystal fails to start or stop; excessive drive/amplitude; excessive frequency error,No or intermittent CAN; CAN-FD bit errors; temperature-dependent field failure; reduced crystal life,Unmeasured PCB stray capacitance and loop margin; R311 0 ohm is provisional; component and layout variation; CAN_XTAL2 trace is 8.78 mm against CAN_XTAL1 at 3.23 mm so the loop is asymmetric,40 MHz CL8 crystal; C303/C304 10 pF C0G; R311 tuning footprint at OSC1; TI SLLA549 note,8,4,6,192,Characterize EVT hardware across voltage and temperature; tune R311/C303/C304; confirm frequency and drive level against the exact ordered crystal limit,Signed oscillator test report with equipment/probe loading/board revision/sample count/corners/final BOM values,8,2,2,32,Hardware Validation,OPEN - close after EVT before production fabrication
CAN-007,Manufacturable CAN common-mode choke,L301 land pattern or terminal numbering does not match the specified TDK ACT45B,Open or swapped windings - CAN non-functional or with no common-mode filtering; scrapped first article,L301 is assigned the generic Inductor_SMD:L_CommonModeChoke_Coilank_ACM4532 pattern (4.5 x 3.2 mm) rather than a pattern derived from the TDK drawing. Symbol variant _1423 was selected so windings pair 1-4 and 2-3 to match that footprint layout (pads 1 and 2 one side; 3 and 4 the other),Requirement recorded in the component Purpose field; BOM open item OA-2; ARCHITECTURE.md note. Netlist verified as CAN_P to pin 1; CAN_BUS_P to pin 4; CAN_N to pin 2; CAN_BUS_N to pin 3,8,6,4,192,Obtain the TDK ACT45B land-pattern drawing; verify pad geometry AND terminal numbering; if ACT45B pairs its windings differently swap the symbol variant and re-verify the netlist; independent overlay review before release,Footprint overlay against the manufacturer drawing plus a winding continuity check on the first article,8,1,2,16,Hardware and Manufacturing,OPEN - blocks fabrication release
MEC-003,Maintain connections under vehicle vibration,J101 or J301 screw terminals loosen; J401 or J201 unmate,Intermittent power or CAN or total loss of function; intermittent faults are very hard to diagnose in the field,None of the four external connectors has a vibration rating. Phoenix MPT screw terminals rely on screw torque alone; JST PH uses friction retention; U.FL has no lock and is rated for roughly 30 mating cycles,Four M2 mounting holes H1-H4 with grounded pads secure the board itself to the enclosure,7,5,5,175,Replace all external connectors with sealed locking automotive types for production (alternatives listed in the BOM); specify screw torque and thread-locking for any prototype field trial; consider a U.FL retainer or a soldered antenna pigtail,Production connector selection record plus vibration testing to the target ISO 16750-3 profile,7,2,3,42,Hardware and Mechanical,OPEN - prototype-grade by explicit design decision
MFG-003,Reliable exposed-pad solder and thermal joint,Voiding; insufficient solder; solder wicking into thermal vias under U101 U102 U201 U301,Degraded heat sinking which raises the THM-001 risk; unstable ground reference; intermittent or nonfunctional devices,Four exposed-pad packages carry thermal via-in-pad arrays (U101 10 vias; U201 10; U102 6; U301 6). Vias in pad wick solder unless plugged and capped. Tenting is requested on both faces but via plugging or filling is NOT specified in the fabrication notes,Paste apertures defined in the supplied stencil layers; CAN-003 already corrected the U301 land pattern against TI drawing 4225320/A,7,5,5,175,Decide and specify via-in-pad treatment (plugged and capped versus tented only) in FAB_NOTES.md; agree stencil aperture design with the assembler; X-ray first articles against IPC-A-610 class 2 void limits,X-ray images of all four devices on the first article plus an agreed stencil drawing,7,2,2,28,Manufacturing,OPEN
ESD-002,Survive handling ESD during assembly programming and service,ESD damage at J202 J201 J401 or the bare test points,Latent or immediate MCU or RF damage; field failures with no clear root cause,J202 Tag-Connect exposes SWDIO SWDCK and RESET directly to MCU pins with no series protection; J201 U.FL connects to the RF port through the matching network; TP101-TP103 and TP401-TP403 are bare pads. Only the CC2340R53 device-level pin ESD rating protects these nodes,No specific circuit protection - relies on device ESD ratings and factory ESD control,6,4,7,168,Require ESD-controlled handling in the assembly and service work instructions; if field programming is expected add series resistors or a low-capacitance ESD array on the SWD lines,ESD handling procedure in the released work instruction plus a decision record on SWD protection,6,2,4,48,Hardware and Manufacturing,OPEN
PWR-005,Maintain creepage and clearance on the 9-36 V input section,Board is built or field-serviced without conformal coating,Dendrite growth or arcing between the VIN nets and GND under humidity and contamination; field short across the vehicle supply,All netclasses use 0.2 mm clearance including the 9-36 V nets. A DRC run against an IPC-2221 Table 6-1 row B2 rule (external uncoated 31-50 V requires 0.6 mm) returned 118 clearance violations with a minimum actual spacing of 0.2005 mm. The design is compliant only under row B4 (external with permanent polymer coating requires 0.13 mm),Coating declared MANDATORY in hardware/Manufacturing_Output_Files/FAB_NOTES.md with a masking list; recorded in ARCHITECTURE.md assumptions,7,4,6,168,Make conformal coating a line item on the assembly drawing and the purchase order rather than only a note; add an incoming-inspection check; consider widening the local pour clearance around J101 and F101 to 0.6 mm so the uncoated case is also safe,Assembly drawing revision and a signed process sheet showing coating and masking,7,1,2,14,Hardware and Manufacturing,OPEN
RF-001,Deliver rated BLE output power and receive sensitivity,Antenna matching network does not present the intended impedance to the MCU RF port,Reduced TX power and RX sensitivity - direct BLE range loss; possible variance against regulatory power limits,Measured from the layout: the U201 ANT pad sits at x = 132.0 mm and the first matching element C214/L202 at x = 138.29 mm so 6.29 mm of line precedes the match. At 2.44 GHz on this stackup (eeff about 3.2; guided wavelength about 69 mm) that is roughly 33 degrees of electrical length which rotates the source impedance. L202 2.8 nH and C214/C216 1.5 pF were taken from the TI LP-EM-CC2340R53 reference where those parts sit immediately at the pin,Values are datasheet-derived; TDK DLF162500LT low-pass filter follows the match; continuous In1 ground reference at 0.11 mm,6,7,4,168,Either relocate the matching network adjacent to the ANT pad or re-tune L202/C214/C216 on a VNA for the as-built geometry including the LPF and U.FL; measure conducted TX power and sensitivity; add DNP tuning placeholders for future adjustment,VNA S11 plot at the U.FL port plus conducted power and sensitivity measurements,6,2,2,24,Hardware and RF,OPEN - highest-confidence RF risk
RF-005,Radiate at the intended pattern and efficiency,Antenna detuning or blockage by the enclosure metal or mounting position,Severe BLE range loss in the installed position regardless of board-level RF performance,The design terminates at a U.FL port. No antenna part is selected and no enclosure or mounting position is defined. Metal proximity cable routing and ground-plane coupling all remain open,U.FL allows the antenna to be positioned away from the board; board ground is continuous across In1 and B.Cu,6,5,5,150,Select the antenna and pigtail; define mounting position and keepout relative to metal; measure total radiated power and efficiency in the final enclosure,Radiated performance measurement in the intended installation,6,2,3,36,Hardware and RF,OPEN - antenna and enclosure selection required before production
BAT-002,Define battery charge management responsibility,Pack discharged below its safe floor or charged by an unsuitable external source,Cell damage and capacity loss; in the worst case a lithium-ion safety event,Deliberate architecture decision (see README.md design decisions and ARCHITECTURE.md) - there is no charger on this board and protection is delegated entirely to the pack PCM. The board can neither recharge nor monitor the pack,J401 specified for a protected 1S pack of 3.0 to 4.2 V; U402 draws only 2.8 uA so board drain is low; VBAT_SENSE divider is provisioned,8,3,6,144,Specify required pack PCM parameters (over-discharge cutoff over-current and short-circuit) as a controlled purchased-part requirement; document the external charging procedure; connect VBAT_SENSE per BAT-005 so firmware can at least warn,Approved pack specification document plus a firmware low-battery behaviour test,8,2,3,48,Hardware and Firmware,OPEN - assumption that a protected pack is always fitted
PWR-001,Survive vehicle transients on the 9-36 V input,Transient above the D101 standoff propagates to the buck input,Buck damage and loss of all rails; cascade loss of CAN and BLE,D101 SM8S40CA has a 40 V reverse standoff with only 4 V margin over the 36 V maximum input and a specified maximum clamping voltage of 64.5 V at 102 A on a 10/1000 us pulse. Repetitive or longer-duration ISO 7637-2 pulse energy has not been characterised,F101 T1A fuse; D101 8000 W bidirectional TVS; R101 1 ohm series damping; U101 LMR38010-Q1 rated 80 V recommended and 85 V absolute maximum so the 64.5 V clamp sits inside the device rating,8,3,6,144,Run ISO 7637-2 pulses 1 2a 3a 3b and 5a and the ISO 16750-2 load dump case against assembled hardware; verify TVS clamp energy and fuse coordination; re-check the 40 V standoff against 36 V plus supply tolerance,Transient test report with generator settings sample count and pass/fail per pulse,8,1,2,16,Hardware Validation,OPEN - assumed not validated
FW-001,Establish and maintain correct CAN controller configuration,Firmware fails to re-apply register configuration after a device reset or undervoltage recovery,nWKRQ left in its unsafe default 3.6 V mode per CAN-001; incorrect wake behaviour; M_CAN unconfigured so no CAN traffic passes,The TCAN4550 digital core resets and loses M_CAN configuration on a UVIO or UVSUP protected-mode event. A vehicle crank dip can trigger exactly this because UVSUP falling is specified at 4.5 to 4.7 V. The MCU also drives RST from DIO10 with R305 as a pull-down and the pin is active HIGH,R305 pull-down keeps the device out of reset while the MCU is tri-stated; requirement recorded in schematic notes and in CAN-001,7,5,4,140,Firmware shall set register 0x0800 bit 19 to select nWKRQ VIO open-drain mode before any sleep; read back all configuration after every reset; re-initialise M_CAN after any UVSUP recovery; add an automated power-cycle soak test,Firmware review plus an automated power-cycle test demonstrating correct re-initialisation over many cycles,7,2,2,28,Firmware,OPEN
RF-003,Start and hold the 48 MHz high-frequency oscillator,HFXT fails to start or frequency error exceeds the BLE requirement,No BLE operation at all or link failure and range loss from frequency offset,C210 and C211 are DNP so the design relies on the CC2340R5 internal load-capacitance array to reach the ABM11W 7 pF CL. Measured from the layout the X48P trace is 11.07 mm and X48N 7.63 mm - long and asymmetric by 3.4 mm - adding uncharacterised stray capacitance. X202 also sits only about 2.5 mm from L202 in the RF matching network,C210/C211 footprints retained as a fallback; crystal selected as a TI-compatible 7 pF part,7,5,4,140,Measure startup time frequency error and drive level across temperature on assembled hardware; if the internal array cannot reach CL then fit C210/C211; shorten and balance the X48P and X48N traces in the next layout revision,Oscillator characterisation report across supply and temperature corners,7,2,2,28,Hardware Validation,OPEN
CAN-008,Meet vehicle radiated and conducted emissions limits on the CAN port,Common-mode noise couples from the node onto the vehicle harness,CISPR 25 radiated emissions failure and rejection at vehicle level,CAN_P and CAN_N are length-matched to 15.58 mm each but their edge-to-edge spacing varies from roughly 0.4 mm to 2.8 mm along the run so coupling and differential impedance are not controlled. The split termination which the TCAN4550 datasheet describes as providing common-mode filtering is DNP,L301 ACT45B common-mode choke fitted at the transceiver per TCAN4550 datasheet section 11.1; D301 at the connector; solid In1 ground plane under the pair; U101 is the spread-spectrum buck variant,6,4,5,120,Re-route CAN_P and CAN_N as a uniformly coupled pair using the now-corrected CAN netclass (0.2 mm gap 0.17 mm width); run an EMC pre-scan before formal CISPR 25 testing,Updated layout showing constant pair spacing plus a pre-scan plot,6,2,3,36,Hardware and EMC,OPEN
MEC-002,Prevent cross-connection of the power and CAN harnesses,CAN harness landed on J101 or vehicle power landed on J301,9-36 V applied directly to the CAN bus pins - immediate destruction of U301 and possible damage to every other node on the bus,J101 and J301 are both Phoenix MPT 2.54 mm terminal blocks from the same family differing only in pole count (2 versus 3),Different pole counts make direct cross-mating of a pre-made harness physically impossible and the silkscreen labels each section. However these are screw terminals so individual wires can still be landed in the wrong block,8,3,5,120,Move to keyed non-interchangeable connectors for production as listed in the BOM alternatives; in the meantime add explicit per-terminal silkscreen labelling and a wiring diagram in the bring-up procedure,Production connector selection record plus a bring-up wiring diagram,8,1,2,16,Hardware and Mechanical,OPEN - prototype connectors accepted; production change required
PWR-006,Keep parked current inside the vehicle quiescent budget,Module draws more standby current than the vehicle allows,Vehicle battery discharge during extended parking; warranty complaint,The R102 383k and R103 100k enable divider draws about 25 uA at 12 V and 50 uA at 24 V continuously and cannot be switched off. Adding LMR38010-Q1 at 40 uA TPS7B81-Q1 at 2.7 uA plus TCAN4550 sleep and MCU standby gives an estimated 100 to 150 uA total. This is datasheet arithmetic and has never been measured,PFM and low-Iq parts selected deliberately for this purpose; TCAN4550 INH is left unconnected so no rail gating currently exists,5,4,5,100,Measure actual parked current at 12 V and 24 V in the deepest sleep state and compare against the OEM budget; if over budget use the TCAN4550 INH output to gate the buck enable instead of the fixed divider,Measured current log at both supply voltages with the firmware sleep state recorded,5,2,2,20,Hardware and Firmware,OPEN
BAT-005,Allow firmware to report pack state and the active power source,Firmware cannot read battery voltage or determine which source is active,No low-battery warning; no source reporting; no graceful shutdown - field pack failures are silent,VBAT_SENSE (R403 R404 C404) and USING_BATTERY_N (R405 and the U404 ST pin) terminate at unconnected global labels. ERC flags both as single-instance labels. Sixteen CC2340 GPIOs including every ADC-capable channel are free,Divider and pull-up are fitted and electrically correct - only the MCU connection is missing. The gap is documented in ARCHITECTURE.md,6,8,2,96,Route VBAT_SENSE to an ADC-capable DIO such as DIO7_A0 and USING_BATTERY_N to a spare GPIO; re-run ERC; add firmware battery and source reporting,Updated schematic with clean ERC plus firmware correctly reading both signals,6,1,2,12,Hardware and Firmware,OPEN - known functional gap and cheap to fix
CAN-006,Keep TCAN4550 I/O within specification in every power state,VIO sits at about 3.0 V which is below the 3.135 V recommended minimum,Digital I/O levels are not guaranteed; undefined SPI behaviour if firmware accesses the device during backup,In battery backup +3V3_SYS equals +3V0_BAT minus the LM66100 conduction drop so VIO remains powered at about 3.0 V while VSUP is absent. This sits above the 2.45 to 2.6 V UVIO rising threshold so the device does not enter protected mode - it simply operates outside its recommended window,ACCEPTED BY DESIGN - CAN is defined as unavailable in backup and VSUP is absent anyway. The alternative of powering VIO from the vehicle rail only was rejected because it creates the powered-MCU and unpowered-VIO partial-power-down condition that is the CAN-001 mechanism,4,8,3,96,Firmware shall not initiate SPI transactions while USING_BATTERY_N indicates backup - this requires BAT-005 to be closed first; confirm there is no elevated leakage into VIO at 3.0 V,Firmware state-machine review plus a leakage measurement taken in backup mode,4,3,2,24,Hardware and Firmware,OPEN - accepted out-of-specification condition and documented
MEC-001,Prevent incorrect battery connection,Pack pigtail inserted reversed or a non-conforming pack connected,Damage to U401 and U402; pack short; potential lithium-ion thermal event,J401 is a polarised JST PH which prevents reversed insertion of a correctly wired pigtail but does not prevent a mis-wired pigtail or a pack outside the assumed 3.0 to 4.2 V range,Polarised connector; U401 reverse-current blocking; F401 1 A fuse; polarity to be marked on the silkscreen,8,3,4,96,Confirm BAT+ and BAT- polarity marking is present and legible next to J401; specify the pack pigtail wiring as a controlled purchased item; add a first-use polarity check to the bring-up procedure,Silkscreen inspection on the first article plus an approved pack pigtail drawing,8,1,2,16,Hardware and Manufacturing,OPEN
MFG-002,Release a buildable bill of materials,Eight line items carry no manufacturer part number,Assembler substitutes parts; RF match and MCU DC/DC behaviour change unpredictably between builds,L201 L202 C201-C204/C206/C207/C215 C205/C208 C209 C214/C216 and R201 were placed by value only. L202 and C214/C216 are RF-critical and L201 must meet the TI saturation-current and DCR requirement for the CC2340R5 internal DC/DC,Values packages and footprints are all defined; candidate parts and the RF-grade requirement are recorded in BOM_NOTES.md open item OA-3,6,8,2,96,Assign AEC-Q200 parts for all eight line items using RF-grade high-Q parts for L202 and C214/C216 and a TI-compatible inductor for L201,Released BOM carrying committed manufacturer part numbers,6,1,2,12,Hardware,OPEN - blocks build
PWR-003,Ride through engine crank without resetting the BLE application,Buck disables during crank or oscillates around the enable threshold,BLE link drop and loss of session; repeated MCU reset; poor user experience during every start,The R102 383k and R103 100k divider gives a ratio of 4.83. With the LMR38010-Q1 enable thresholds specified as 1.1 to 1.4 V rising and 0.95 to 1.22 V falling the turn-on point spans 5.31 to 6.76 V and turn-off spans 4.59 to 5.89 V across tolerance - a wide band that has not been measured on hardware,Divider sized for roughly 6.0 V nominal turn-on which is deliberately below the 9 V specification minimum to extend crank ride-through; U403/U404 ORing hands the MCU domain over to the 3.0 V battery rail below that point,6,4,4,96,Sweep the input from 4 to 9 V on the bench at full load and record the exact turn-on and turn-off points; confirm clean ORing handover with no rail collapse or threshold chatter,Supply sweep plot showing +6V5_CAN +3V3_VEH +3V3_SYS and the MCU reset state,6,2,2,24,Hardware Validation,OPEN
RF-004,Provide the 32.768 kHz low-frequency sleep clock,LSE fails to start or carries excessive frequency error,BLE connection timing drift; higher current from widened receive windows; dropped connections,C212 and C213 at 15 pF assume roughly 1.5 pF of board stray against the ABS06 9 pF CL and that stray was never measured. The crystal is also rated only to +85 degC while the surrounding automotive ICs are rated to +125 degC and it is a commercial non-AEC-Q200 part,Traces are short at X32P 4.92 mm and X32N 3.83 mm; ESR specified at 90 kohm maximum,6,4,4,96,Measure LSE startup and frequency error across the target temperature range; select an AEC-Q200 32.768 kHz crystal for production and re-check the load capacitance,LSE characterisation report across the target temperature range,6,2,2,24,Hardware Validation,OPEN
BAT-003,Minimise pack drain when the vehicle supply is absent,Backup pack discharges faster than the runtime estimate,No BLE availability when it is actually needed; deep-discharge damage to the cell,Continuous drain is U402 at 2.8 uA plus the R403/R404 1 Mohm divider at 2.1 uA plus LM66100 leakage giving roughly 6 to 8 uA before any BLE activity. The 2 Mohm divider alone accounts for about 17 mAh per year. These are datasheet figures and have never been measured,Low-Iq parts chosen deliberately throughout the backup branch; 1 Mohm divider values keep sense drain low,6,3,5,90,Measure actual pack drain with the vehicle rail absent for both BLE idle and advertising states; compute realistic runtime for the selected pack capacity,Measured drain figures plus a runtime calculation for the specified pack,6,2,2,24,Hardware Validation,OPEN
CAN-005,Correct bus termination for the installed network topology,Module fitted as a bus end node without termination or as a stub with termination fitted,Signal reflections and bit errors; degraded or failed CAN FD at higher data rates,R302 and R303 at 60.4 ohm and C309 at 4.7 nF are DNP. The design ASSUMES the module is a stub node because no network topology was specified,Split-termination footprints provided with the centre tap returned to GND through C309; DNP intent documented on the schematic and carried into the BOM,6,5,3,90,Obtain the actual network topology from the vehicle integrator; record the fitted or not-fitted decision in a build variant document; if an end node fit all three parts together for 120.8 ohm,Written topology confirmation from the integrator plus a build-variant BOM,6,2,2,24,Hardware and Systems,OPEN - stated assumption
ESD-001,Survive handling and in-vehicle ESD at the exposed CAN bus,ESD strike at J301 damages the transceiver,Permanent CAN failure and field return,J301 pins are externally accessible on the vehicle harness. ESD current must be clamped before it can propagate into the board,D301 PESD2CANFD27V rated at 20 kV IEC 61000-4-2 contact discharge and - corrected during this design review - RELOCATED to sit adjacent to J301 at x = 141.05 mm against the connector at 146.79 mm and ahead of L301 in the signal path per TCAN4550 datasheet section 11.1. The TCAN4550 also carries on-chip bus ESD protection,7,3,4,84,Perform IEC 61000-4-2 contact and air discharge testing at J301 to the target level; verify absence of latent damage by functional test after each strike series,ESD test report recording levels strike counts and post-test functional results,7,1,2,14,Hardware Validation,OPEN - layout mitigation applied and test outstanding
THM-001,Keep the CAN transceiver within its operating junction temperature,Junction temperature exceeds the 125 degC operating limit or reaches the 160 degC thermal shutdown,Thermal shutdown and CAN dropout; accelerated ageing and reduced service life,Dominant-state dissipation is estimated at about 0.45 W. With RthetaJA of 35.2 degC/W that gives roughly a 16 degC rise so Tj is about 101 degC at 85 degC ambient. U301 is the hottest device on the board. This is calculation only with no thermal measurement and a sustained bus fault raises the internal VCCOUT LDO dissipation further,Six thermal vias under the U301 exposed pad into the In1 and B.Cu ground planes; VSUP fed from the 6.49 V rail rather than raw battery which minimises internal LDO drop,7,3,4,84,Thermal-image the board at maximum bus load and at 85 degC ambient including a sustained CANH/CANL short case; verify the Tj margin against the 125 degC limit,Thermal imaging report recording ambient load and calculated junction temperature,7,2,2,28,Hardware Validation,OPEN
BAT-001,Survive a reversed battery pigtail at the pack connector,Reverse voltage applied to the backup branch,Damage to U401 and U402; pack short circuit; potential thermal event on a lithium-ion cell,J401 is a polarised JST PH connector but the pack pigtail can still be mis-wired during assembly or service,U401 LM66100-Q1 configured for always-on reverse-current blocking with CE taken through R401 10 kohm to VOUT per datasheet section 8.3.2; R401 is the datasheet-recommended RCE which limits CE pin current to under 0.5 mA at -4.2 V; F401 1 A fuse; R402 2 ohm inrush limiter keeps the U401 body-diode pulse below its 2.5 A rating,8,3,3,72,Apply -4.2 V at J401 for 60 s and measure CE pin current and U401 case temperature; confirm no current flows into +3V0_BAT,Reverse-insertion bench test record,8,1,2,16,Hardware Validation,OPEN - design follows the datasheet but is not yet tested
PWR-002,Survive reverse connection of the vehicle harness,Reverse current path established into the buck or the downstream rails,Buck and LDO damage; at high fault current a board thermal event,An installer reverses the two wires at J101. D102 is the only blocking element in the path,D102 PNE20010ER-Q series rectifier blocks the reverse path; D101 is the bidirectional CA variant so it deliberately does NOT clamp a reverse connection which means the fuse is not forced open and the board simply sits inert; F101 remains in series,8,3,3,72,Bench-test -14 V and -36 V applied at J101 for 60 s; measure reverse leakage and the D102 junction temperature; confirm no downstream rail rises above zero,Reverse-polarity test record including thermal measurement,8,1,2,16,Hardware Validation,OPEN - design intent sound but untested
RF-002,Provide a 50 ohm controlled-impedance antenna feed,Feed line impedance is not 50 ohm,Additional mismatch loss which compounds the RF-001 error and further reduces range,"RF traces are drawn at 0.18 mm and the RF netclass now declares the same width, so design intent and copper agree. The open question is the value itself, not the consistency. Calculated microstrip impedance on the 0.11 mm 2116 prepreg with er 4.29 and 35 um copper is about 55.6 ohm at 0.18 mm against about 52.3 ohm at 0.20 mm; roughly 0.215 mm is needed for 50 ohm. Fabricator etch tolerance is not accounted for",Stackup is RF-appropriate with thin prepreg to a continuous In1 ground; controlled-impedance requirement and test coupon are specified in FAB_NOTES.md,4,6,3,72,Have the fabricator confirm the trace width required for 50 ohm plus or minus 10 percent on their actual stackup and adjust before tooling; require an impedance coupon and report with the shipment,Fabricator impedance report from the production panel,4,2,2,16,Hardware and Manufacturing,OPEN
BAT-004,Select vehicle or battery source without interrupting the MCU domain,Both ORing devices turn off simultaneously and +3V3_SYS collapses,Total loss of the MCU domain - the module is dead until one source is removed,The LM66100-Q1 datasheet section 9.2.2 documents this corner explicitly: if both inputs sit at the same voltage for a long period both cross-coupled devices switch off. The CE comparator threshold is 80 mV,DESIGNED OUT - the rails are deliberately offset by 300 mV with U102 at 3.3 V on the vehicle side and U402 at 3.0 V on the battery side which is well beyond the 80 mV comparator window. This is the specific reason U402 is a 3.0 V part rather than 3.3 V,8,2,4,64,Verify the offset holds across tolerance and temperature at both regulator extremes - 3.3 V at -2 percent gives 3.234 V against 3.0 V at +2 percent giving 3.06 V so 174 mV worst case which still exceeds 80 mV; bench-test a slow vehicle-rail decay to confirm clean handover,Worst-case tolerance calculation plus a slow-ramp handover scope capture,8,1,2,16,Hardware Validation,DESIGN ACTION COMPLETE - verification open
CAN-004,Survive a CAN bus short to a vehicle rail or to ground,CANH or CANL shorts to 24 V 12 V or chassis ground,Transceiver damage and loss of communication for every node on the bus,Harness chafing or connector mis-wiring. The bus is externally exposed at J301 and runs the length of the vehicle,D301 PESD2CANFD27V has a 27 V standoff chosen specifically so that a short to a 24 V vehicle rail does not put the clamp into conduction; the TCAN4550 provides internal bus fault protection and thermal shutdown at 160 degC; the VCCOUT LDO current-limits during a fault,7,3,3,63,Bench-test CANH and CANL shorted to +24 V +12 V and GND individually and together for a sustained period; confirm automatic recovery and measure device temperature throughout,Bus fault test record including recovery verification,7,2,2,28,Hardware Validation,OPEN
MFG-001,Release a buildable bill of materials,X301 carries no manufacturer part number,Board cannot be quoted or built; an assembler substitution risks the wrong load capacitance or tolerance and therefore CAN timing failure,The 40 MHz CAN reference crystal was never selected. Its frequency tolerance directly drives CAN FD bit timing and its motional parameters determine the final C303/C304 and R311 values which is why CAN-002 cannot close without it,Value and load capacitance are recorded as 40 MHz CL 8 pF; candidate parts are listed in BOM_NOTES.md,7,9,1,63,Select an AEC-Q200 40 MHz CL 8 pF crystal; confirm its frequency tolerance against the TCAN4550 requirement; update and release the BOM,Released BOM carrying the committed manufacturer part number,7,1,1,7,Hardware,OPEN - blocks build
MFG-004,Build the intended assembly variant,DNP parts fitted when they should not be or omitted when they are required,Fitting C210/C211 on top of the internal cap array detunes the 48 MHz crystal; fitting termination on a stub node loads the bus; omitting it at an end node causes reflections,Five DNP parts - C210 C211 C309 R302 R303 - whose correct state depends on the assembly variant and on the network topology,DNP flags set in the schematic and carried into the BOM Fitted column; KiCad plots DNP parts crossed out on the fabrication layer; intent documented per item,5,4,3,60,Issue an explicit build-variant document naming the fitted or not-fitted state for each of the five parts; verify at first-article inspection,Signed build variant sheet plus a first-article check record,5,2,2,20,Manufacturing,OPEN
FW-002,Provide reliable SPI communication between the MCU and the CAN controller,Wrong SPI mode clock rate or bit order,Corrupted register reads and writes; intermittent or completely absent CAN traffic,The TCAN4550 requires SPI mode 0 and supports up to 18 MHz while the CC2340R53 at 3.3 V should be limited to 12 MHz for its own timing. The bus runs on DIO18 DIO13 DIO12 and DIO11,R301 10 kohm nCS pull-up keeps the device deselected while the MCU is in reset; R308 to R310 100 kohm define SCLK SDI and SDO levels when the MCU tri-states during backup; the requirement is noted on the schematic,5,4,2,40,Confirm SPI mode 0 and a clock of 12 MHz or below in firmware; scope setup and hold margins at the selected rate over the temperature range,Scope captures of SPI timing at the selected clock rate,5,2,2,20,Firmware,OPEN
FW-003,Allow firmware load and debug in manufacturing and service,SWD access unavailable or unreliable,Cannot program at end of line; cannot debug field returns,J202 is a Tag-Connect TC2030 footprint - a spring-pin pad array with no fitted connector - so it depends on the correct probe and on good pad surface finish. SWO on pin 6 is left unconnected so trace output is unavailable,TC2030 footprint with VCC SWDIO SWDCK RESET and GND all connected; RST_N additionally carries the R201 pull-up and C215,5,3,2,30,Verify programming with the actual TC2030 probe on a first article; confirm the HAL lead-free finish does not compromise spring-pin contact resistance; decide whether SWO is required and connect it if so,Successful end-of-line programming demonstration on the first article,5,1,2,10,Firmware and Manufacturing,OPEN
THM-002,Keep the regulators within rating across the full input range,Excess dissipation in U101 or U102 at maximum input voltage,Reduced service life; thermal shutdown; rail collapse under combined high load and high ambient,U102 drops 6.49 V to 3.3 V which at the roughly 20 mA design load is only about 64 mW - but that load has never been measured with the radio transmitting. U101 losses are estimated at about 70 mW at the assumed 110 mA output,The key mitigation is architectural - U102 is fed from the 6.49 V intermediate rail rather than from VIN which cuts LDO dissipation by roughly ten times; both regulators use PowerPAD packages with 10 and 6 thermal vias respectively,5,2,3,30,Measure actual rail currents with BLE transmitting and CAN at full bus load; recompute dissipation against the measured rather than the estimated load,Rail current measurement table taken under worst-case activity,5,1,2,10,Hardware Validation,OPEN
