Item,Qty,References,Description,Value / Key Ratings,MPN,Manufacturer,Package / Footprint,Automotive Qualification,Key Alternatives,Notes and Unresolved Assumptions,Fitted
1,1,C101,Aluminium electrolytic input bulk,22 uF +/-20% / 100 V / 105 degC / 2000 h endurance,EEEFK2A220P,Panasonic,SMD can 8 x 10.2 mm (FK case F),UNVERIFIED - schematic note claims AEC-Q200; not confirmed against Panasonic datasheet,Nichicon UCD2A220MCL1GS; Wurth 865060645004 (both need land-pattern check),Only wet electrolytic on the board and the dominant wear-out item on an always-on rail. 2000 h at 105 degC is roughly 1 year continuous at high ambient. Damping partner to R101; do not delete without re-checking input-filter damping.,Yes
2,4,C102-C105,Input ceramic bank X7R,4.7 uF / 100 V / X7R / 1206,CGA5L1X7R2A475K160AC,TDK,C_1206_3216Metric,AEC-Q200 (TDK CGA automotive series),Murata GCM31CR72A475KE02; Kemet C1206C475K1RACAUTO,"Bank must retain >=4.7 uF effective after DC bias, temperature and aging. Not measured - derating assumed, not verified.",Yes
3,1,C106,VIN high-frequency bypass,100 nF / 100 V / X7R / 0805,CGA4J2X7R2A104K125AA,TDK,C_0805_2012Metric,AEC-Q200 (TDK CGA),Murata GCM21BR72A104KA37,Placed directly across U101 VIN/GND for the smallest hot loop.,Yes
4,6,"C107,C302,C307,C308,C404,C408",General decoupling / filter,100 nF / 50 V / X7R / 0603,CGA3E2X7R1H104K080AA,TDK,C_0603_1608Metric,AEC-Q200 (TDK CGA),Murata GCM188R71H104KA57,"Roles: U101 bootstrap (C107), TCAN4550 VSUP/VIO/VCCOUT bypass (C302/C308/C307), VBAT_SENSE filter (C404), +3V3_SYS bypass (C408).",Yes
5,9,"C108-C112,C301,C305,C310,C407",Bulk ceramic X7R,22 uF / 25 V / X7R / 1210,CGA6P3X7R1E226M250AB,TDK,C_1210_3225Metric,AEC-Q200 (TDK CGA),Murata GCM32ER71E226KE15,C305+C310 must retain >=10 uF effective at 5 V (TCAN4550 VCCOUT minimum). Buck output bank should hold >=20 uF effective at 6.49 V. Derating assumed from datasheet curves - not bench-verified.,Yes
6,1,D101,Bidirectional transient suppressor,"40 V standoff, 64.5 V max clamp at 102 A (10/1000 us), 8000 W peak",SM8S40CAHM3_A/I,Vishay,DO-218AC (BLE_CAN:Vishay_DO-218AC_SM8S),AEC-Q101,Littelfuse SM8S40CA; Bourns SM8S40CA (same DO-218AC outline),Bidirectional chosen so reverse battery is blocked by D102 rather than clamped. 40 V standoff leaves limited margin over the 36 V maximum input. NOT validated against an ISO 7637-2 / ISO 16750-2 pulse set.,Yes
7,1,D102,Series reverse-battery blocking rectifier,200 V / 1 A (per schematic note - confirm IF(AV) and VF at 90 mA),PNE20010ER-QX,Nexperia,SOD-123W (Diode_SMD:Nexperia_CFP3_SOD-123W),AEC-Q101 (Nexperia -Q suffix),Nexperia PMEG6010CEH; ST STPS1L60A (footprint differs),Series diode costs ~0.5-0.7 V forward drop. A reverse-blocking P-FET would be more efficient but was not used. Exact VF at load not verified.,Yes
8,1,D103,Output-to-input discharge Schottky,100 V / 1 A Schottky,PMEG10010ELR-QX,Nexperia,SOD-123W (Diode_SMD:Nexperia_CFP3_SOD-123W),AEC-Q101 (Nexperia -Q suffix),Nexperia PMEG10020ELR-Q,Protects the buck when VIN falls below the stored output voltage. Not a battery power path.,Yes
9,1,F101,Vehicle input fuse,T1A / 125 VDC slow-blow,3403.0166.24,SCHURTER,UMT 250 SMD (Fuse:Fuse_Schurter_UMT250),NOT AEC-Q200 - industrial part; automotive qualification/procurement agreement required,Littelfuse 0453001.MR (AEC-Q200); Bel Fuse 0ZCJ series,Must coordinate with the harness fuse and the TVS clamp energy. Coordination study not performed.,Yes
10,1,J101,Vehicle power input connector,"6 A / 160 V, 2.54 mm pitch screw terminal",1725656,Phoenix Contact,TerminalBlock_Phoenix_MPT-0.5-2-2.54_1x02_P2.54mm_Horizontal,"NOT automotive - industrial terminal block, no vibration or sealing rating",TE AMPSEAL 16 series; Molex MX150 (sealed automotive),"Pin 1 = vehicle positive, pin 2 = vehicle return. Prototype/bench connector; production build requires a sealed, keyed, vibration-rated connector. This connector carries the full 9-36 V input: its 0.34 mm pad-to-pad copper gap is fixed by the 2.54 mm pitch, and the surrounding pour clearance is 0.30 mm - both rely on the mandatory conformal coating (IPC-2221 row B4). See hardware/Manufacturing_Output_Files/FAB_NOTES.md.",Yes
11,1,L101,Buck power inductor,47 uH / 107 mOhm max DCR / shielded composite,XGL6060-473MEC,Coilcraft,Coilcraft XGL6060 6.0 x 6.0 mm,AEC-Q200,Wurth 74439346470; Bourns SRP6060A-470M,Marked short-lead side oriented to the SW node to keep the switching field away from the RF section.,Yes
12,1,L201,MCU DC/DC inductor,10 uH / 0603,NOT SELECTED,-,Inductor_SMD:L_0603_1608Metric,Not selected,TI recommends a specific L for the CC2340 internal DC/DC - see device datasheet,UNRESOLVED: no MPN assigned. Must select a part meeting TI's saturation-current and DCR requirement for the CC2340R5 internal DC/DC before release.,Yes
13,1,L202,RF matching inductor,2.8 nH / 0402 / high-Q RF,NOT SELECTED,-,Inductor_SMD:L_0402_1005Metric,Not selected,Murata LQW15A series; Coilcraft 0402HP,UNRESOLVED: no MPN. Value copied from the TI LP-EM-CC2340R53 reference. Requires a high-Q RF inductor with tight tolerance; a general-purpose part will degrade the match.,Yes
14,1,L301,CAN common-mode choke,100 uH common-mode / CAN and CAN FD rated,ACT45B-101-2P-TL003,TDK,4.5 x 3.2 mm (Inductor_SMD:L_CommonModeChoke_Coilank_ACM4532),AEC-Q200 - VERIFY against TDK datasheet,Murata DLW43SH101XK2; Wurth 744232101,"Part taken from the TI TCAN4550EVM choke pad. FOOTPRINT IS A GENERIC ACM4532 LAND PATTERN - verify pad geometry AND terminal numbering against the TDK ACT45B drawing before fabrication; if ACT45B numbers its windings differently, swap the schematic symbol variant.",Yes
15,1,R101,Input damping / inrush resistor,1 Ohm / 5% / 1 W / pulse-proof,CRCW25121R00JNEGIF,Vishay,R_2512_6332Metric,AEC-Q200 (Vishay CRCW-e3),Vishay CRCW2512 standard; Bourns CRM2512,Damps the input LC with C101 and limits hot-plug inrush. Approx 5 mW dissipation at nominal load - heavily de-rated for surge energy.,Yes
16,1,R102,Buck EN divider upper,383 k / 1% / 0603,CRCW0603383KFKEA,Vishay,R_0603_1608Metric,AEC-Q200 (Vishay CRCW-e3),Panasonic ERJ series (AEC-Q200),"With R103 sets buck turn-on near 6.0 V and turn-off near 5.3 V, giving crank ride-through below the 9 V spec. Draws ~25 uA continuously from the vehicle battery - the largest fixed standby load.",Yes
17,3,"R103,R107,R405",Pull-up / divider,100 k / 1% / 0603,CRCW0603100KFKEA,Vishay,R_0603_1608Metric,AEC-Q200 (Vishay CRCW-e3),Panasonic ERJ series (AEC-Q200),R103 buck EN divider lower; R107 PGOOD pull-up to +3V3_VEH; R405 USING_BATTERY_N pull-up to +3V3_SYS.,Yes
18,1,R104,Switching frequency set,64.9 k / 1% / 0603,CRCW060364K9FKEA,Vishay,R_0603_1608Metric,AEC-Q200 (Vishay CRCW-e3),Panasonic ERJ series (AEC-Q200),Sets nominal 400 kHz - the value used in the LMR38010-Q1 datasheet characterisation.,Yes
19,1,R105,Buck feedback upper,54.9 k / 1% / 0603,CRCW060354K9FKEA,Vishay,R_0603_1608Metric,AEC-Q200 (Vishay CRCW-e3),Panasonic ERJ series (AEC-Q200),1 V x (1 + 54.9k/10k) = 6.490 V. Within TI's preferred 10k-100k divider range.,Yes
20,1,R106,Buck feedback lower,10.0 k / 1% / 0603,CRCW060310K0FKEA,Vishay,R_0603_1608Metric,AEC-Q200 (Vishay CRCW-e3),Panasonic ERJ series (AEC-Q200),100 uA nominal divider current; routed as a quiet Kelvin connection to the analogue ground.,Yes
21,1,U101,Synchronous buck regulator,"4.2-80 V in, 6.49 V out, 1 A, PFM, spread spectrum, 40 uA Iq",LMR38010SQDDARQ1,Texas Instruments,HSOIC-8 PowerPAD DDA (BLE_CAN:TI_DDA0008B_PowerPAD),AEC-Q100 Grade 1 (-40 to +125 degC),"LMR38020SQDDARQ1 (2 A, same DDA package); LMR38010FSQDDARQ1 (FPWM variant - higher standby current)","PFM + spread-spectrum variant deliberately chosen: 40 uA non-switching Iq for parked current, spread spectrum for conducted/radiated EMI. Absolute max VIN 85 V covers the 64.5 V TVS clamp.",Yes
22,1,U102,Vehicle 3.3 V LDO,"3-40 V in, 3.3 V fixed, 150 mA, 2.7 uA Iq",TPS7B8133QDGNRQ1,Texas Instruments,HVSSOP-8 PowerPAD DGN (BLE_CAN:TI_DGN0008G_PowerPAD),AEC-Q100 Grade 1,TPS7B6933QDBVRQ1 (SOT-23-5 - different footprint),"Fed from +6V5_CAN rather than VIN, cutting dissipation to ~64 mW at the ~20 mA design load.",Yes
23,1,U201,BLE 5.x wireless MCU,"512 KB flash, 2.4 GHz, 1.71-3.8 V, internal DC/DC",CC2340R53E0RKPR,Texas Instruments,QFN-40 RKP 5 x 5 mm (BLE_CAN:RKP0040B-MFG),NOT AEC-Q100 - no automotive-qualified CC2340 orderable exists,"CC2340R52E0RKPR (256 KB, same RKP package and pinout)","MCU SELECTION: CC2340R53E0RKPR (512 KB flash) is the project-selected orderable device in the CC2340R5 family. It is not AEC-Q100 qualified. Assumed cabin-mount, non-safety telematics use - see ARCHITECTURE.md assumptions.",Yes
24,7,"C201-C204,C206,C207,C215",MCU decoupling,100 nF / 0402 (voltage rating not specified),NOT SELECTED,-,C_0402_1005Metric,Not selected,TDK CGA2B3X7R1H104K050BB (AEC-Q200) or Murata GCM155R71H104KE02,UNRESOLVED: no MPN or voltage rating assigned. Specify >=16 V X7R AEC-Q200 parts before release.,Yes
25,2,"C205,C208",MCU bulk decoupling,10 uF / 0805 (voltage rating not specified),NOT SELECTED,-,C_0805_2012Metric,Not selected,TDK CGA4J1X7R1C106K125AC (AEC-Q200),UNRESOLVED: no MPN or voltage rating. C208 is the VDDR reservoir - TI specifies a minimum effective capacitance; confirm after derating.,Yes
26,1,C209,VDDD decoupling,1 uF / 10 V / 0603,NOT SELECTED,-,C_0603_1608Metric,Not selected,TDK CGA3E1X7R1A105K080AC (AEC-Q200),UNRESOLVED: no MPN. Value per TI SWRA834A section 9.1.,Yes
27,2,"C210,C211",HFXT load capacitor provision,DNP / 0402,NOT FITTED,-,C_0402_1005Metric,n/a,-,Deliberately unfitted: the CC2340R5 internal load-capacitance array is used instead. Fit only if the internal array cannot reach the crystal's 7 pF CL on the assembled board.,No (DNP)
28,2,"C212,C213",LSE crystal load capacitors,15 pF / 50 V / C0G / 0402,GRM1555C1H150JA01D,Murata,C_0402_1005Metric,NOT automotive - GRM is Murata's commercial series,"Murata GCM1555C1H150JA16 (AEC-Q200, same size) - RECOMMENDED for production",Values assume ~1.5 pF board stray to hit CL = 9 pF. Stray not measured. Swap to the GCM automotive equivalent for production.,Yes
29,2,"C214,C216",RF matching capacitors,1.5 pF / 0402 / C0G RF,NOT SELECTED,-,C_0402_1005Metric,Not selected,Murata GJM1555C1H1R5BB01 (RF-grade C0G),UNRESOLVED: no MPN. Values copied from the TI LP-EM-CC2340R53 reference. Tight-tolerance RF C0G parts required; the match has NOT been re-tuned for this board's U.FL + LPF combination.,Yes
30,1,FLT201,2.4 GHz low-pass filter,2400-2500 MHz LPF,DLF162500LT-5028A1,TDK,0603 (RF_BLE_PCBFootprints:DLF162500LT-5028A1),Commercial - no automotive grade identified,Johanson 2450FM07A0029; Murata LFL21868MSA1A167,"This is a LOW-PASS filter (TDK title: 'Multilayer Low Pass Filter'), used for harmonic suppression - it is not a balun and not a band-pass filter.",Yes
31,1,J201,RF coaxial connector,"50 Ohm, DC-6 GHz, ~30 mating cycles",U.FL-R-SMT-1(10),Hirose,Connector_Coaxial:U.FL_Hirose_U.FL-R-SMT-1_Vertical,Commercial,Amphenol A-1JB; I-PEX MHF I (20279-001E-01),"UNRESOLVED: no MPN field populated in the schematic. U.FL has no vibration lock and limited mating cycles - acceptable for an internal pigtail, not for a serviceable interface. Antenna itself is out of scope.",Yes
32,1,X201,LSE crystal,"32.768 kHz, CL 9 pF, ESR <=90 kOhm, -40 to +85 degC",ABS06-32.768KHZ-9-T,Abracon,Crystal_SMD_2012-2Pin_2.0x1.2mm,Commercial - verify; automotive variant needed for production,Epson FC-135 automotive; Abracon ABS07AIG series (confirm AEC-Q200 status and CL),"Rated to +85 degC only, below the +125 degC of the automotive ICs around it. Load capacitance and startup margin not measured on an assembled board.",Yes
33,1,X202,HFXT crystal,"48 MHz, CL 7 pF, 4-pad",ABM11W-48.0000MHZ-7-D1X-T3,Abracon,Crystal_SMD_2016-4Pin_2.0x1.6mm,Commercial - verify; automotive variant needed for production,NDK NX2016SA 48 MHz; Epson TSX-3225 48 MHz (AEC-Q200 variants available),Relies on the MCU internal cap array (C210/C211 DNP). PCB traces are long and asymmetric (X48P 11.1 mm vs X48N 7.6 mm) - added stray may prevent the array reaching CL = 7 pF. Must be verified on hardware.,Yes
34,1,R201,MCU reset pull-up,100 k / 0402,NOT SELECTED,-,R_0402_1005Metric,Not selected,Vishay CRCW0402100KFKED (AEC-Q200),UNRESOLVED: no MPN or tolerance assigned.,Yes
35,1,U301,CAN FD controller + transceiver,"VSUP 6-24 V, VIO 3.135-5.25 V, CAN FD to 8 Mbps, SPI, 125 mA VCCOUT LDO",TCAN4550RGYRQ1,Texas Instruments,VQFN-20 RGY 4.5 x 3.5 mm (BLE_CAN:TI_RGY0020A_VQFN20),AEC-Q100 Grade 1 (-40 to +125 degC),TCAN4550A-Q1 (updated silicon revision - check errata and register map),"Hottest device on the board: ~0.45 W dominant, Tj ~101 degC at 85 degC ambient (RthetaJA 35.2 degC/W). VIO sits at 3.0 V in battery backup, below the 3.135 V recommended minimum - accepted because CAN is defined as unavailable in backup.",Yes
36,1,X301,CAN reference crystal,"40 MHz, CL 8 pF, 4-pad",NOT SELECTED,-,Crystal_SMD_2016-4Pin_2.0x1.6mm,Not selected,NDK NX2016SA 40 MHz; Epson TSX-3225 40 MHz (AEC-Q200 variants available),UNRESOLVED and the most significant BOM gap: no manufacturer part selected. Frequency tolerance drives CAN FD bit timing. Crystal motional parameters also determine the final C303/C304 and R311 values (DFMEA CAN-002).,Yes
37,2,"C303,C304",CAN crystal load capacitors,10 pF / 50 V / C0G / 0603,CGA3E2C0G1H100D080AA,TDK,C_0603_1608Metric,AEC-Q200 (TDK CGA),Murata GCM1885C1H100DA16,Assumes ~3 pF board stray against a CL = 8 pF crystal. Provisional - final value to be set on the prototype per TI SLLA549.,Yes
38,1,C306,TCAN4550 FLTR capacitor,470 nF / 16 V / X7R / 0603,CGA3E1X7R1C474K080AC,TDK,C_0603_1608Metric,AEC-Q200 (TDK CGA),Murata GCM188R71C474KA55,Must retain >=300 nF effective after bias/temperature/aging (datasheet minimum). 470 nF nominal gives margin.,Yes
39,1,C309,Split-termination common-mode capacitor,4.7 nF / 50 V / X7R / 0603,CGA3E2X7R1H472K080AA,TDK,C_0603_1608Metric,AEC-Q200 (TDK CGA),Murata GCM188R71H472KA37,Fitted only together with R302/R303 when the module is a bus end node.,No (DNP)
40,1,D301,CAN bus ESD / transient clamp,"27 V standoff, 20 kV IEC 61000-4-2 contact, ~6 pF line capacitance",PESD2CANFD27V-T,Nexperia,SOT-23,AEC-Q101,ON Semi NUP2105LT1G; TI TPD2E007-Q1,"27 V standoff chosen so a CANH/CANL short to a 24 V vehicle rail does not cause conduction. Low capacitance preserves CAN FD edges. Placed at the connector, ahead of L301 in the signal path.",Yes
41,4,"R301,R304,R305,R306",CAN control pull-up / pull-down,10 k / 1% / 0603,CRCW060310K0FKEA,Vishay,R_0603_1608Metric,AEC-Q200 (Vishay CRCW-e3),Panasonic ERJ series (AEC-Q200),R301 nCS pull-up (keeps TCAN deselected during MCU reset); R304 WAKE to GND (local wake unused); R305 RST pull-down (RST is active HIGH); R306 nINT pull-up (datasheet requires 2-10 k).,Yes
42,2,"R302,R303",Split termination,60.4 Ohm / 1% / 0805,CRCW080560R4FKEA,Vishay,R_0805_2012Metric,AEC-Q200 (Vishay CRCW-e3),Panasonic ERJ series (AEC-Q200),"DNP by default - the module is assumed a stub node. Fit both plus C309 (120.8 Ohm total) only at a bus end node. Topology is an assumption, not a verified requirement.",No (DNP)
43,4,R307-R310,SPI / wake bias resistors,100 k / 1% / 0603,CRCW0603100KFKEA,Vishay,R_0603_1608Metric,AEC-Q200 (Vishay CRCW-e3),Panasonic ERJ series (AEC-Q200),R307 nWKRQ pull-up - see DFMEA CAN-001 (OPEN): firmware must set register 0x0800 bit 19 to select VIO open-drain mode; the default internal 3.6 V driver is unsafe when the MCU rail is low. R308-R310 define SPI levels when the MCU tri-states in backup.,Yes
44,1,R311,Crystal series damping provision,0 Ohm / 0603,CRCW06030000Z0EA,Vishay,R_0603_1608Metric,AEC-Q200 (Vishay CRCW-e3),Any AEC-Q200 0603 jumper,Provision per TI SLLA549. 0 Ohm for first assembly only - final value determined by prototype oscillator characterisation.,Yes
45,1,J301,CAN bus connector,"6 A / 160 V, 2.54 mm pitch screw terminal",1725669,Phoenix Contact,TerminalBlock_Phoenix_MPT-0.5-3-2.54_1x03_P2.54mm_Horizontal,"NOT automotive - industrial terminal block, no vibration or sealing rating",TE AMPSEAL 16 series; Molex MX150 (sealed automotive),"Prototype/bench connector. Pinout 1 = CANH, 2 = CANL, 3 = GND. Production build requires a sealed, keyed, vibration-rated connector per the OEM harness spec. The 0.34 mm pad-to-pad copper gap is set by the 2.54 mm pitch.",Yes
46,3,"U401,U403,U404",Ideal diode / reverse-current block,"1.5-5.5 V, 1.5 A, 79 mOhm typical Ron",LM66100QDCKRQ1,Texas Instruments,SC-70-6 DCK (Package_TO_SOT_SMD:SOT-363_SC-70-6),AEC-Q100 Grade 1,LM66200-Q1 (dual channel - different package and pinout),"U403/U404 implement the LM66100-Q1 datasheet section 9.2.1 cross-coupled-CE ORing; CE is a comparator against the device's own VIN, so priority is analogue and needs no firmware. U401 uses the section 8.3.2 always-on reverse-current-blocking configuration.",Yes
47,1,U402,Battery backup LDO,"3-40 V in, 3.0 V fixed, 150 mA, 2.8 uA Iq",TPS7E8130QDBVRQ1,Texas Instruments,SOT-23-5 DBV,AEC-Q100 Grade 1,TPS7B8130QDBVRQ1 (similar Iq and package),The 3.0 V setpoint is deliberate: the 0.3 V offset below +3V3_VEH gives the ORing pair a decisive priority margin and avoids the datasheet's equal-rails lockout case.,Yes
48,1,F401,Battery branch fuse,1 A fast-acting / 32 V,MFU0603FF01000P1AT,Vishay,Fuse_0603_1608Metric,AEC-Q200,Littelfuse 0453001.MR; Bel Fuse 0603FA1-R,Board-fault protection only - coordinates with (does not replace) the battery pack's own protection circuit.,Yes
49,3,"C401,C402,C406",Battery branch decoupling,1 uF / 16 V / X7R / 0603,CGA3E1X7R1C105K080AC,TDK,C_0603_1608Metric,AEC-Q200 (TDK CGA),Murata GCM188R71C105KA64,C401 connector-side reservoir for insertion bounce; C402/C406 local VIN decoupling for U401/U404 per the LM66100-Q1 datasheet.,Yes
50,2,"C403,C405",Battery LDO input / output capacitors,4.7 uF / 25 V / X7R / 0805,CGA4J1X7R1E475K125AC,TDK,C_0805_2012Metric,AEC-Q200 (TDK CGA),Murata GCM21BR71E475KA73,U402 requires 2.2-100 uF for stability; must remain >=2.2 uF effective after ~50% derating.,Yes
51,1,R401,Ideal-diode CE series resistor,10 k / 1% / 0603,CRCW060310K0FKEA,Vishay,R_0603_1608Metric,AEC-Q200 (Vishay CRCW-e3),Panasonic ERJ series (AEC-Q200),The RCE resistor recommended by the LM66100-Q1 datasheet to limit CE pin current during a reverse-battery insertion (<0.5 mA at -4.2 V).,Yes
52,1,R402,Battery inrush limiter,2.0 Ohm / 1% / 0603,CRCW06032R00FKEA,Vishay,R_0603_1608Metric,AEC-Q200 (Vishay CRCW-e3),Panasonic ERJ series (AEC-Q200),Keeps the U401 body-diode insertion pulse below its 2.5 A rating; costs 60 mV at 30 mA.,Yes
53,2,"R403,R404",Battery sense divider,1.0 M / 1% / 0603,CRCW06031M00FKEA,Vishay,R_0603_1608Metric,AEC-Q200 (Vishay CRCW-e3),Panasonic ERJ series (AEC-Q200),2:1 divider keeps 4.2 V inside the ADC range; total drain ~2.1 uA. NOTE: VBAT_SENSE is NOT currently connected to any CC2340 ADC pin - provisioned only.,Yes
54,1,J401,Battery connector,"2 A, 2.00 mm pitch, polarized",S2B-PH-K-S(LF)(SN),JST,Connector_JST:JST_PH_S2B-PH-K_1x02_P2.00mm_Horizontal,NOT automotive - no vibration or sealing rating,JST GH series; Molex PicoBlade (both still non-automotive),"Pin 1 = BAT+, pin 2 = BAT-. Polarity must be marked on the silkscreen and verified against the pack pigtail before first insertion. Production build needs a locking automotive connector.",Yes
